DT,Open,High,Low,Close,Volume,Date
2020-01-02T05:00:00.000Z,104.26,104.73,103.94,104.01,46876038,20200102000000000
2020-01-03T05:00:00.000Z,103.82,104.25,103.31,103.45,51943870,20200103000000000
2020-01-06T05:00:00.000Z,102.93,103.06,102.16,102.9,49321312,20200106000000000
2020-01-07T05:00:00.000Z,102.13,103.03,101.77,101.96,46006512,20200107000000000
2020-01-08T05:00:00.000Z,101.35,102.43,101.08,101.08,55055767,20200108000000000
2020-01-09T05:00:00.000Z,100.85,101.2,100.11,101.03,48388682,20200109000000000
2020-01-10T05:00:00.000Z,100.87,101.14,100.38,100.9,47765434,20200110000000000
2020-01-13T05:00:00.000Z,101.73,101.99,101.04,101.74,42381990,20200113000000000
2020-01-14T05:00:00.000Z,101.13,101.47,100.65,100.78,48879252,20200114000000000
2020-01-15T05:00:00.000Z,100.03,100.86,99.83,100.16,36113547,20200115000000000
2020-01-16T05:00:00.000Z,100.35,100.73,99.75,99.75,58649958,20200116000000000
2020-01-17T05:00:00.000Z,100.51,100.62,99.78,100.14,44358358,20200117000000000
2020-01-21T05:00:00.000Z,99.04,100.02,98.99,99.78,38573519,20200121000000000
2020-01-22T05:00:00.000Z,98.9,99.66,98.1,99.46,38964681,20200122000000000
2020-01-23T05:00:00.000Z,100.39,100.71,99.57,99.78,43743229,20200123000000000
2020-01-24T05:00:00.000Z,99.12,99.52,98.94,99.38,56825248,20200124000000000
2020-01-27T05:00:00.000Z,99.14,99.45,98.95,99.45,52329726,20200127000000000
2020-01-28T05:00:00.000Z,100.25,100.48,99.54,99.73,51141283,20200128000000000
2020-01-29T05:00:00.000Z,99.22,99.83,98.96,99.5,38210074,20200129000000000
2020-01-30T05:00:00.000Z,99.74,99.82,98.34,99.71,46068313,20200130000000000
2020-01-31T05:00:00.000Z,101.41,101.78,100.35,100.64,61394143,20200131000000000
2020-02-03T05:00:00.000Z,99.83,101.13,99.72,100.26,51259502,20200203000000000
2020-02-04T05:00:00.000Z,100.69,100.84,99.69,100.65,35823529,20200204000000000
2020-02-05T05:00:00.000Z,100.26,100.42,99.66,99.94,48562941,20200205000000000
2020-02-06T05:00:00.000Z,98.72,99.94,98.48,99.15,57538830,20200206000000000
2020-02-07T05:00:00.000Z,98.5,99.39,98.38,98.99,46029084,20200207000000000
2020-02-10T05:00:00.000Z,98.16,98.94,98.03,98.76,53047507,20200210000000000
2020-02-11T05:00:00.000Z,99.03,99.78,98.52,99.44,51435975,20200211000000000
2020-02-12T05:00:00.000Z,99.15,99.25,97.91,98.58,47134538,20200212000000000
2020-02-13T05:00:00.000Z,98,98.78,97.64,98.26,38053742,20200213000000000
2020-02-14T05:00:00.000Z,97.94,98.44,97.58,97.8,47816969,20200214000000000
2020-02-17T05:00:00.000Z,97.27,97.33,96.78,97.33,44867436,20200217000000000
2020-02-18T05:00:00.000Z,97.22,97.68,96.63,97.61,39359022,20200218000000000
2020-02-19T05:00:00.000Z,98.81,99,97.71,97.93,43232993,20200219000000000
2020-02-20T05:00:00.000Z,97.97,98.48,97.85,97.94,44557702,20200220000000000
2020-02-21T05:00:00.000Z,98.61,99.12,98.19,98.7,39848750,20200221000000000
2020-02-24T05:00:00.000Z,99.13,99.35,98.1,98.49,43806337,20200224000000000
2020-02-25T05:00:00.000Z,98.15,98.8,97.87,98.14,54024538,20200225000000000
2020-02-26T05:00:00.000Z,98.61,99.05,98.34,98.76,43810370,20200226000000000
2020-02-27T05:00:00.000Z,99.83,99.83,98.72,99.44,35309238,20200227000000000
2020-02-28T05:00:00.000Z,98.52,99.39,98.41,98.93,43211106,20200228000000000
2020-03-02T05:00:00.000Z,99.97,100.07,98.84,98.84,43114019,20200302000000000
2020-03-03T05:00:00.000Z,98.45,98.71,97.89,98.63,38086709,20200303000000000
2020-03-04T05:00:00.000Z,97.43,98.37,97.43,97.99,54858246,20200304000000000
2020-03-05T05:00:00.000Z,98.33,98.75,97.44,98.13,59505740,20200305000000000
2020-03-06T05:00:00.000Z,96.81,97.61,96.68,97.48,44377012,20200306000000000
2020-03-09T04:00:00.000Z,97.72,98.19,97.68,97.68,28057715,20200309000000000
2020-03-10T04:00:00.000Z,98.15,98.15,96.89,97.04,45971577,20200310000000000
2020-03-11T04:00:00.000Z,97.12,97.26,96.27,96.82,47181895,20200311000000000
2020-03-12T04:00:00.000Z,95.93,96.73,95.68,95.92,47399767,20200312000000000
2020-03-13T04:00:00.000Z,97.43,97.59,96.34,96.52,65664371,20200313000000000
2020-03-16T04:00:00.000Z,97.1,97.52,96.53,96.53,43914619,20200316000000000
2020-03-17T04:00:00.000Z,96.1,96.78,96.1,96.5,59086956,20200317000000000
2020-03-18T04:00:00.000Z,96.17,96.6,95.73,96.17,57157649,20200318000000000
2020-03-19T04:00:00.000Z,95.93,96.82,95.93,96.23,64438473,20200319000000000
2020-03-20T04:00:00.000Z,95.32,95.81,94.81,95.64,48282849,20200320000000000
2020-03-23T04:00:00.000Z,96.21,96.49,95.96,96.12,58153550,20200323000000000
2020-03-24T04:00:00.000Z,96.04,96.57,96.01,96.49,34981493,20200324000000000
2020-03-25T04:00:00.000Z,95.6,95.67,95.05,95.5,34633096,20200325000000000
2020-03-26T04:00:00.000Z,95.22,95.28,94.39,95.19,35001490,20200326000000000
2020-03-27T04:00:00.000Z,95.18,95.46,94.74,94.89,57987991,20200327000000000
2020-03-30T04:00:00.000Z,94.86,95.01,94.7,94.85,38894480,20200330000000000
2020-03-31T04:00:00.000Z,94.78,95.02,93.86,94.29,50668502,20200331000000000
2020-04-01T04:00:00.000Z,93.62,94,93.56,93.93,27348022,20200401000000000
2020-04-02T04:00:00.000Z,93.29,93.57,92.63,92.95,49221237,20200402000000000
2020-04-03T04:00:00.000Z,93.06,93.53,92.75,93.2,58914928,20200403000000000
2020-04-06T04:00:00.000Z,91.67,92.99,91.58,92.99,66518512,20200406000000000
2020-04-07T04:00:00.000Z,93.97,94.19,93.58,93.61,50685847,20200407000000000
2020-04-08T04:00:00.000Z,94.53,94.6,93.79,93.92,49120820,20200408000000000
2020-04-09T04:00:00.000Z,95.85,96.08,94.66,94.9,45372505,20200409000000000
2020-04-13T04:00:00.000Z,95.06,95.55,94.6,94.76,49288565,20200413000000000
2020-04-14T04:00:00.000Z,94.71,95.3,94.38,94.89,45651076,20200414000000000
2020-04-15T04:00:00.000Z,94.23,95.06,93.81,94.57,51730307,20200415000000000
2020-04-16T04:00:00.000Z,93.43,94.49,93.36,94.49,44352908,20200416000000000
2020-04-17T04:00:00.000Z,94.41,94.62,93.57,94.21,48343564,20200417000000000
2020-04-20T04:00:00.000Z,94.15,95.06,93.72,94.37,50719695,20200420000000000
2020-04-21T04:00:00.000Z,95.22,95.88,95.03,95.03,55923925,20200421000000000
2020-04-22T04:00:00.000Z,94.54,94.95,93.89,94.79,59316640,20200422000000000
2020-04-23T04:00:00.000Z,94.45,94.8,94.08,94.27,40670259,20200423000000000
2020-04-24T04:00:00.000Z,94.35,94.94,94.1,94.85,54813610,20200424000000000
2020-04-27T04:00:00.000Z,94.34,95.17,94.13,94.13,48427709,20200427000000000
2020-04-28T04:00:00.000Z,93.49,94.18,93.09,93.2,51804959,20200428000000000
2020-04-29T04:00:00.000Z,91.43,92.69,91.29,92.51,41437859,20200429000000000
2020-04-30T04:00:00.000Z,92.39,92.77,91.6,92.54,47374577,20200430000000000
2020-05-01T04:00:00.000Z,93,93.18,91.74,92.79,46899328,20200501000000000
2020-05-04T04:00:00.000Z,92.7,93.37,92.36,92.88,58548073,20200504000000000
2020-05-05T04:00:00.000Z,92.06,92.84,91.9,91.9,39680402,20200505000000000
2020-05-06T04:00:00.000Z,91.45,91.86,91,91.53,53412097,20200506000000000
2020-05-07T04:00:00.000Z,91.58,92.04,91.14,91.14,46370870,20200507000000000
2020-05-08T04:00:00.000Z,91.67,91.67,90.99,90.99,63464831,20200508000000000
2020-05-11T04:00:00.000Z,89.68,90.34,89.19,90.18,42397556,20200511000000000
2020-05-12T04:00:00.000Z,90.42,90.99,89.9,89.98,50210018,20200512000000000
2020-05-13T04:00:00.000Z,89.84,90.47,89.5,89.73,39281982,20200513000000000
2020-05-14T04:00:00.000Z,90.29,90.54,89.47,90.33,57323606,20200514000000000
2020-05-15T04:00:00.000Z,90.24,90.35,89.73,89.79,53348151,20200515000000000
2020-05-18T04:00:00.000Z,88.93,89.72,88.53,89.72,40653387,20200518000000000
2020-05-19T04:00:00.000Z,89.63,90.33,89.18,90.15,54745927,20200519000000000
2020-05-20T04:00:00.000Z,91.41,91.52,90.51,90.51,29420660,20200520000000000
2020-05-21T04:00:00.000Z,89.96,90.65,89.22,90.5,53090182,20200521000000000
2020-05-22T04:00:00.000Z,90.71,91.46,90.66,91.13,57384516,20200522000000000
2020-05-26T04:00:00.000Z,90.84,91.25,89.97,90.19,53034512,20200526000000000
2020-05-27T04:00:00.000Z,88.24,88.78,88.12,88.17,38006246,20200527000000000
2020-05-28T04:00:00.000Z,88.39,89.29,88.23,88.36,36294292,20200528000000000
2020-05-29T04:00:00.000Z,88.69,89.44,88.48,89.1,54181348,20200529000000000
2020-06-01T04:00:00.000Z,89.13,89.31,88.54,88.6,36114441,20200601000000000
2020-06-02T04:00:00.000Z,87.81,88.06,87.47,87.79,51803406,20200602000000000
2020-06-03T04:00:00.000Z,88.53,89.13,87.85,88.22,30395464,20200603000000000
2020-06-04T04:00:00.000Z,88.69,89.62,88.24,88.63,40128870,20200604000000000
2020-06-05T04:00:00.000Z,88.99,89.45,88.87,89.1,53870316,20200605000000000
2020-06-08T04:00:00.000Z,90.46,90.62,89.53,89.53,43659089,20200608000000000
2020-06-09T04:00:00.000Z,90.41,90.66,90.02,90.25,58466046,20200609000000000
2020-06-10T04:00:00.000Z,86.13,86.62,85.88,86.56,57978663,20200610000000000
2020-06-11T04:00:00.000Z,86.77,87.18,86.64,87.07,61886071,20200611000000000
2020-06-12T04:00:00.000Z,86.94,87.13,86.75,87.05,53376837,20200612000000000
2020-06-15T04:00:00.000Z,86.45,87.06,86.32,86.52,52325026,20200615000000000
2020-06-16T04:00:00.000Z,87.86,88.24,87.35,87.5,51500103,20200616000000000
2020-06-17T04:00:00.000Z,87.73,88.22,87.49,87.91,57220718,20200617000000000
2020-06-18T04:00:00.000Z,87.26,87.54,86.78,87.02,41896378,20200618000000000
2020-06-19T04:00:00.000Z,87.99,88.13,87.28,87.34,47051189,20200619000000000
2020-06-22T04:00:00.000Z,88.61,89.01,88.23,88.3,28148548,20200622000000000
2020-06-23T04:00:00.000Z,88.55,89.23,88.28,88.58,44760295,20200623000000000
2020-06-24T04:00:00.000Z,89.25,89.52,88.61,89.09,41177570,20200624000000000
2020-06-25T04:00:00.000Z,89.31,89.76,88.98,89.32,44113080,20200625000000000
2020-06-26T04:00:00.000Z,88.99,89.54,88.28,89.3,61092813,20200626000000000
2020-06-29T04:00:00.000Z,88.23,88.75,88.19,88.31,41115409,20200629000000000
2020-06-30T04:00:00.000Z,88.63,88.87,87.96,87.96,31286132,20200630000000000
2020-07-01T04:00:00.000Z,87.83,88.47,87.77,87.93,46511754,20200701000000000
2020-07-02T04:00:00.000Z,88.28,88.61,87.51,88.41,31847515,20200702000000000
2020-07-06T04:00:00.000Z,88.14,88.9,87.9,88.9,34114024,20200706000000000
2020-07-07T04:00:00.000Z,88.99,89.62,88.75,89.37,41785909,20200707000000000
2020-07-08T04:00:00.000Z,90.17,90.46,89.35,90.31,47525713,20200708000000000
2020-07-09T04:00:00.000Z,90.21,91.38,90.21,91.01,61586432,20200709000000000
2020-07-10T04:00:00.000Z,90.82,91.25,90.51,91.19,52523988,20200710000000000
2020-07-13T04:00:00.000Z,91.8,92.68,91.66,91.87,59044022,20200713000000000
2020-07-14T04:00:00.000Z,92.33,93.55,92.33,92.73,63347416,20200714000000000
2020-07-15T04:00:00.000Z,93.04,94.18,92.8,92.8,38173752,20200715000000000
2020-07-16T04:00:00.000Z,93.38,93.58,92.67,92.88,48847444,20200716000000000
2020-07-17T04:00:00.000Z,91.61,92.12,91.1,91.97,35725254,20200717000000000
2020-07-20T04:00:00.000Z,91.38,91.91,91.04,91.28,56907760,20200720000000000
2020-07-21T04:00:00.000Z,90.45,91.23,90.07,91.23,69941877,20200721000000000
2020-07-22T04:00:00.000Z,90.75,91.16,90.17,90.84,66742355,20200722000000000
2020-07-23T04:00:00.000Z,89.79,89.99,89.32,89.99,55901830,20200723000000000
2020-07-24T04:00:00.000Z,89.47,90.29,88.88,89.11,53431687,20200724000000000
2020-07-27T04:00:00.000Z,88.3,88.79,88.05,88.64,57258353,20200727000000000
2020-07-28T04:00:00.000Z,88.7,89.42,88.39,88.68,45268143,20200728000000000
2020-07-29T04:00:00.000Z,87.72,88.48,87.63,87.7,42758316,20200729000000000
2020-07-30T04:00:00.000Z,87.09,87.2,86.22,86.98,44120897,20200730000000000
2020-07-31T04:00:00.000Z,87.3,87.76,86.68,87.66,37950329,20200731000000000
2020-08-03T04:00:00.000Z,87.73,88.5,87.68,88.06,53449672,20200803000000000
2020-08-04T04:00:00.000Z,88.7,88.82,88.02,88.36,37964720,20200804000000000
2020-08-05T04:00:00.000Z,88.33,88.65,87.96,88.56,51115757,20200805000000000
2020-08-06T04:00:00.000Z,87.94,88.11,87.14,87.85,31389018,20200806000000000
2020-08-07T04:00:00.000Z,86.94,87.56,86.64,86.88,43718388,20200807000000000
2020-08-10T04:00:00.000Z,87.28,87.52,86.24,87,74370446,20200810000000000
2020-08-11T04:00:00.000Z,86.66,87.09,86.4,86.54,36438404,20200811000000000
2020-08-12T04:00:00.000Z,86.83,87.3,86.77,86.91,49359599,20200812000000000
2020-08-13T04:00:00.000Z,86.95,87.3,86.7,87.18,43027901,20200813000000000
2020-08-14T04:00:00.000Z,86.91,87.33,86.27,86.64,30975796,20200814000000000
2020-08-17T04:00:00.000Z,85.78,86.5,85.69,86.09,59757187,20200817000000000
2020-08-18T04:00:00.000Z,85.32,85.76,85.14,85.76,38338637,20200818000000000
2020-08-19T04:00:00.000Z,85.32,86.5,84.88,85.73,47419384,20200819000000000
2020-08-20T04:00:00.000Z,85.18,85.47,84.94,84.98,48306037,20200820000000000
2020-08-21T04:00:00.000Z,85.08,85.53,84.7,84.93,25522470,20200821000000000
2020-08-24T04:00:00.000Z,85.12,85.75,84.56,85.14,71004666,20200824000000000
2020-08-25T04:00:00.000Z,84.63,84.68,84.13,84.52,37788027,20200825000000000
2020-08-26T04:00:00.000Z,83.81,84.45,83.71,83.95,45723082,20200826000000000
2020-08-27T04:00:00.000Z,84.46,84.46,83.42,84.3,49411826,20200827000000000
2020-08-28T04:00:00.000Z,84.03,84.33,83.24,84.04,37821847,20200828000000000
2020-08-31T04:00:00.000Z,84.94,85.74,84.94,85.03,56946413,20200831000000000
2020-09-01T04:00:00.000Z,84.76,85.45,84.39,84.66,43814251,20200901000000000
2020-09-02T04:00:00.000Z,84.26,84.7,83.63,84.7,61275824,20200902000000000
2020-09-03T04:00:00.000Z,86.09,86.13,85.64,85.64,41524018,20200903000000000
2020-09-04T04:00:00.000Z,86.35,86.39,85.89,86.25,42600592,20200904000000000
2020-09-08T04:00:00.000Z,85.19,85.63,85.04,85.43,61941573,20200908000000000
2020-09-09T04:00:00.000Z,85.66,86.12,85.16,85.25,49941265,20200909000000000
2020-09-10T04:00:00.000Z,85.88,86.52,85.35,85.7,46923017,20200910000000000
2020-09-11T04:00:00.000Z,86.95,87.1,86.39,86.56,45993351,20200911000000000
2020-09-14T04:00:00.000Z,86.37,87.26,86.37,87.05,47617786,20200914000000000
2020-09-15T04:00:00.000Z,86.46,87.17,86.37,86.96,56158065,20200915000000000
2020-09-16T04:00:00.000Z,85.98,86.45,85.7,86.13,59127310,20200916000000000
2020-09-17T04:00:00.000Z,86.22,86.44,85.36,85.45,60473531,20200917000000000
2020-09-18T04:00:00.000Z,86.08,86.3,85.28,86.21,45666578,20200918000000000
2020-09-21T04:00:00.000Z,87.22,87.43,86.41,86.81,50544766,20200921000000000
2020-09-22T04:00:00.000Z,86.74,86.97,86.01,86.55,49666950,20200922000000000
2020-09-23T04:00:00.000Z,86.7,87.35,86.28,86.89,42053044,20200923000000000
2020-09-24T04:00:00.000Z,86.35,86.91,86.35,86.47,37692520,20200924000000000
2020-09-25T04:00:00.000Z,86.79,87.46,86.7,87.08,45489481,20200925000000000
2020-09-28T04:00:00.000Z,86.57,86.89,86.06,86.7,52766626,20200928000000000
2020-09-29T04:00:00.000Z,86.35,86.96,86.11,86.79,35356699,20200929000000000
2020-09-30T04:00:00.000Z,86,86.42,85.73,86.26,58143214,20200930000000000
2020-10-01T04:00:00.000Z,86.63,87.16,86.09,87.02,42911655,20201001000000000
2020-10-02T04:00:00.000Z,87.26,87.69,87.01,87.28,51833445,20201002000000000
2020-10-05T04:00:00.000Z,87.22,87.83,86.89,87.19,52675372,20201005000000000
2020-10-06T04:00:00.000Z,88.04,88.25,87.42,88.17,47529105,20201006000000000
2020-10-07T04:00:00.000Z,89.19,89.77,88.74,89.15,49657672,20201007000000000
2020-10-08T04:00:00.000Z,88.85,88.96,88.12,88.38,44969114,20201008000000000
2020-10-09T04:00:00.000Z,87.45,87.76,86.86,87.59,41971630,20201009000000000
2020-10-12T04:00:00.000Z,87.79,88,87.07,87.67,40084433,20201012000000000
2020-10-13T04:00:00.000Z,86.05,86.72,85.84,86.72,47869787,20201013000000000
2020-10-14T04:00:00.000Z,86.81,87.4,86.44,87.4,36547083,20201014000000000
2020-10-15T04:00:00.000Z,87.07,87.63,86.81,87.3,50697299,20201015000000000
2020-10-16T04:00:00.000Z,86.67,87.36,86.52,86.66,39387067,20201016000000000
2020-10-19T04:00:00.000Z,85.9,86.26,85.25,85.73,54507743,20201019000000000
2020-10-20T04:00:00.000Z,85.62,85.69,85.44,85.53,62890864,20201020000000000
2020-10-21T04:00:00.000Z,84.69,85.59,84.69,84.88,48974393,20201021000000000
2020-10-22T04:00:00.000Z,85.45,86.69,84.93,85.51,50954026,20201022000000000
2020-10-23T04:00:00.000Z,85.14,85.24,84.55,84.87,54901157,20201023000000000
2020-10-26T04:00:00.000Z,85.64,86.4,85.43,85.43,45661336,20201026000000000
2020-10-27T04:00:00.000Z,86.56,86.72,85.99,86.38,41780872,20201027000000000
2020-10-28T04:00:00.000Z,87.03,87.2,86.5,86.5,31695608,20201028000000000
2020-10-29T04:00:00.000Z,86.06,86.37,85.7,86.05,50288326,20201029000000000
2020-10-30T04:00:00.000Z,86.87,87.13,86.36,86.54,55761861,20201030000000000
2020-11-02T05:00:00.000Z,87.04,87.88,86.96,87.11,51159398,20201102000000000
2020-11-03T05:00:00.000Z,86.97,87.14,86.23,86.47,57859473,20201103000000000
2020-11-04T05:00:00.000Z,85.82,86.23,85.46,85.66,43614728,20201104000000000
2020-11-05T05:00:00.000Z,85.08,85.25,84.62,84.71,41791266,20201105000000000
2020-11-06T05:00:00.000Z,84.04,84.41,83.89,84,36668829,20201106000000000
2020-11-09T05:00:00.000Z,84.77,85.29,84.64,84.67,46789079,20201109000000000
2020-11-10T05:00:00.000Z,85.12,85.59,84.79,85.44,56358845,20201110000000000
2020-11-11T05:00:00.000Z,84.98,85.42,84.64,84.73,47870395,20201111000000000
2020-11-12T05:00:00.000Z,83.51,84.01,83.03,83.91,66731837,20201112000000000
2020-11-13T05:00:00.000Z,84.6,84.67,83.88,84.54,47901688,20201113000000000
2020-11-16T05:00:00.000Z,84.28,84.85,83.97,84.14,54318037,20201116000000000
2020-11-17T05:00:00.000Z,83.17,83.22,82.83,83.18,48106960,20201117000000000
2020-11-18T05:00:00.000Z,82.68,83.05,82.09,82.77,53188728,20201118000000000
2020-11-19T05:00:00.000Z,82.08,82.64,82.01,82.18,63505107,20201119000000000
2020-11-20T05:00:00.000Z,82.4,83.03,82.29,82.74,71316937,20201120000000000
2020-11-23T05:00:00.000Z,82.41,82.63,82.05,82.26,41898737,20201123000000000
2020-11-24T05:00:00.000Z,82.89,83.27,82.46,83.06,47012019,20201124000000000
2020-11-25T05:00:00.000Z,82.89,82.89,82.29,82.36,36782512,20201125000000000
2020-11-27T05:00:00.000Z,82.62,82.78,82.42,82.49,49113278,20201127000000000
2020-11-30T05:00:00.000Z,81.59,82.1,80.88,81.59,43731943,20201130000000000
2020-12-01T05:00:00.000Z,81.94,82.19,81.47,81.97,45138253,20201201000000000
2020-12-02T05:00:00.000Z,81.86,82.08,81.19,81.92,49888773,20201202000000000
2020-12-03T05:00:00.000Z,82.47,82.8,81.89,82.72,50713591,20201203000000000
2020-12-04T05:00:00.000Z,82.76,83.29,82.56,83.19,66199753,20201204000000000
2020-12-07T05:00:00.000Z,82.33,83.23,82.33,82.78,55246043,20201207000000000
2020-12-08T05:00:00.000Z,82.58,83.22,82.46,82.75,41929497,20201208000000000
2020-12-09T05:00:00.000Z,82.74,83.82,82.42,83.53,38222528,20201209000000000
2020-12-10T05:00:00.000Z,83.4,84.05,82.92,83.82,40742343,20201210000000000
2020-12-11T05:00:00.000Z,82.73,83.47,82.67,83.29,35830961,20201211000000000
2020-12-14T05:00:00.000Z,83.75,84.19,83.31,83.81,58831744,20201214000000000
2020-12-15T05:00:00.000Z,84.3,84.65,84.14,84.21,50638893,20201215000000000
2020-12-16T05:00:00.000Z,84.81,85.19,84.48,85.01,66116134,20201216000000000
2020-12-17T05:00:00.000Z,86.02,86.17,85.2,85.82,53143957,20201217000000000
2020-12-18T05:00:00.000Z,86.42,86.51,85.85,86.03,48216701,20201218000000000
2020-12-21T05:00:00.000Z,85.85,86.09,85.2,85.33,30258218,20201221000000000
2020-12-22T05:00:00.000Z,84.87,85.53,84.36,85.12,69671617,20201222000000000
2020-12-23T05:00:00.000Z,84.67,85.19,84.39,84.76,45020810,20201223000000000
2020-12-24T05:00:00.000Z,84.26,84.62,83.96,84.53,63258931,20201224000000000
2020-12-28T05:00:00.000Z,84.71,85.37,84.42,84.75,52176503,20201228000000000
2020-12-29T05:00:00.000Z,83.65,84.57,83.41,83.79,53807086,20201229000000000
2020-12-30T05:00:00.000Z,83.55,83.81,83.21,83.28,41851698,20201230000000000
2020-12-31T05:00:00.000Z,83.48,84.2,83.35,84.2,49441887,20201231000000000
2021-01-04T05:00:00.000Z,83.82,84.28,83.35,84.28,52616305,20210104000000000
2021-01-05T05:00:00.000Z,85.03,85.22,84.63,85.08,50440273,20210105000000000
2021-01-06T05:00:00.000Z,85.5,85.81,85.06,85.6,57565027,20210106000000000
2021-01-07T05:00:00.000Z,85.93,86.38,85.13,86.02,65721111,20210107000000000
2021-01-08T05:00:00.000Z,86.17,86.87,86.11,86.28,44595473,20210108000000000
2021-01-11T05:00:00.000Z,85.55,86.26,85.26,85.87,54026381,20210111000000000
2021-01-12T05:00:00.000Z,85.88,86.54,85.61,86.49,52881085,20210112000000000
2021-01-13T05:00:00.000Z,86.71,86.86,86.27,86.68,36545576,20210113000000000
2021-01-14T05:00:00.000Z,86.59,86.91,86.1,86.91,45718173,20210114000000000
2021-01-15T05:00:00.000Z,86.9,87.71,86.9,87.16,42808458,20210115000000000
2021-01-19T05:00:00.000Z,87.49,87.83,86.95,87.56,37947230,20210119000000000
2021-01-20T05:00:00.000Z,88.34,88.6,87.96,88.43,59214734,20210120000000000
2021-01-21T05:00:00.000Z,89.14,89.14,88.1,88.95,51805348,20210121000000000
2021-01-22T05:00:00.000Z,89,89.39,88.38,89.14,21072929,20210122000000000
2021-01-25T05:00:00.000Z,89.11,89.96,88.98,89.67,36722398,20210125000000000
2021-01-26T05:00:00.000Z,89.97,90.58,89.59,90.58,41197946,20210126000000000
2021-01-27T05:00:00.000Z,91,91.47,90.96,91.19,43800736,20210127000000000
2021-01-28T05:00:00.000Z,92,92.07,91.45,91.52,61285343,20210128000000000
2021-01-29T05:00:00.000Z,91.33,91.53,90.93,91.45,28725327,20210129000000000
2021-02-01T05:00:00.000Z,91.76,92.5,91.76,92.27,59370490,20210201000000000
2021-02-02T05:00:00.000Z,91.8,91.89,91.59,91.68,34004246,20210202000000000
2021-02-03T05:00:00.000Z,92.68,93.4,92.43,92.55,38591601,20210203000000000
2021-02-04T05:00:00.000Z,91.63,92.14,91.55,91.8,40977131,20210204000000000
2021-02-05T05:00:00.000Z,93.16,93.38,92.28,92.28,47308161,20210205000000000
2021-02-08T05:00:00.000Z,91.64,92.12,91.56,91.63,53052589,20210208000000000
2021-02-09T05:00:00.000Z,90.71,91.25,90.68,90.92,34692699,20210209000000000
2021-02-10T05:00:00.000Z,91.89,92.28,91.37,91.64,60423514,20210210000000000
2021-02-11T05:00:00.000Z,90.82,91.49,90.71,91.03,66038534,20210211000000000
2021-02-12T05:00:00.000Z,90.4,90.68,89.78,90.17,50044435,20210212000000000
2021-02-16T05:00:00.000Z,89.91,90.75,89.91,90.48,47782454,20210216000000000
2021-02-17T05:00:00.000Z,90.3,90.83,89.76,90.56,38295002,20210217000000000
2021-02-18T05:00:00.000Z,90.43,90.53,89.52,89.91,49536431,20210218000000000
2021-02-19T05:00:00.000Z,90.98,91.2,90.32,90.87,64966755,20210219000000000
2021-02-22T05:00:00.000Z,92.38,92.48,91.35,91.35,48912551,20210222000000000
2021-02-23T05:00:00.000Z,91.73,91.81,91.18,91.77,36744782,20210223000000000
2021-02-24T05:00:00.000Z,91.24,91.46,90.67,91.46,49150124,20210224000000000
2021-02-25T05:00:00.000Z,90.72,91.08,90.45,91.04,67000258,20210225000000000
2021-02-26T05:00:00.000Z,91.31,92.19,91.31,91.5,66427612,20210226000000000
2021-03-01T05:00:00.000Z,91.12,91.56,90.49,91.32,39208155,20210301000000000
2021-03-02T05:00:00.000Z,91.2,91.91,91.08,91.42,64786814,20210302000000000
2021-03-03T05:00:00.000Z,91.54,92.02,91.01,91.35,53174877,20210303000000000
2021-03-04T05:00:00.000Z,92.1,93.18,91.84,92.02,43104027,20210304000000000
2021-03-05T05:00:00.000Z,91.57,92.07,91.31,91.75,48679883,20210305000000000
2021-03-08T05:00:00.000Z,92.08,92.38,91.38,91.76,58006710,20210308000000000
2021-03-09T05:00:00.000Z,92.1,92.49,91.18,92.34,43013502,20210309000000000
2021-03-10T05:00:00.000Z,91.66,92.64,91.58,92.14,72634537,20210310000000000
2021-03-11T05:00:00.000Z,92.53,93.2,92.43,92.91,60700794,20210311000000000
2021-03-12T05:00:00.000Z,93.43,93.76,93.21,93.67,34021754,20210312000000000
2021-03-15T04:00:00.000Z,93.04,93.29,92.46,92.94,47315582,20210315000000000
2021-03-16T04:00:00.000Z,94.03,94.2,93.79,93.82,41510544,20210316000000000
2021-03-17T04:00:00.000Z,94.31,94.73,93.3,94.16,48303119,20210317000000000
2021-03-18T04:00:00.000Z,94.7,95.28,94.15,94.44,47045308,20210318000000000
2021-03-19T04:00:00.000Z,94.58,95.41,94.4,94.66,56587440,20210319000000000
2021-03-22T04:00:00.000Z,94.73,94.76,94.29,94.73,44728251,20210322000000000
2021-03-23T04:00:00.000Z,94.26,94.84,94.14,94.33,59352987,20210323000000000
2021-03-24T04:00:00.000Z,94.66,94.73,94.3,94.6,46032983,20210324000000000
2021-03-25T04:00:00.000Z,95.83,96.05,95.05,95.19,38878280,20210325000000000
2021-03-26T04:00:00.000Z,94.77,95.59,94.77,94.99,52276688,20210326000000000
2021-03-29T04:00:00.000Z,94.58,94.78,93.76,94.39,39787460,20210329000000000
2021-03-30T04:00:00.000Z,92.99,94.25,92.99,93.56,45331246,20210330000000000
2021-03-31T04:00:00.000Z,95.17,95.25,93.89,94.09,54176685,20210331000000000
2021-04-01T04:00:00.000Z,93.96,94.2,93.84,94.12,46097394,20210401000000000
2021-04-05T04:00:00.000Z,95.21,95.49,94.19,94.98,48418869,20210405000000000
2021-04-06T04:00:00.000Z,94.82,95.28,94.38,94.51,33713022,20210406000000000
2021-04-07T04:00:00.000Z,93.89,94.13,93.19,93.68,46554154,20210407000000000
2021-04-08T04:00:00.000Z,92.93,92.93,92.13,92.85,38917232,20210408000000000
2021-04-09T04:00:00.000Z,92.25,93.32,92.07,93.32,49239825,20210409000000000
2021-04-12T04:00:00.000Z,91.81,92.5,91.81,92.45,51175833,20210412000000000
2021-04-13T04:00:00.000Z,91.45,92.33,91.26,91.81,34496498,20210413000000000
2021-04-14T04:00:00.000Z,91.11,91.23,90.57,91.1,51215725,20210414000000000
2021-04-15T04:00:00.000Z,90.87,90.87,90.03,90.42,45435585,20210415000000000
2021-04-16T04:00:00.000Z,90.79,91.45,90.5,90.72,51404732,20210416000000000
2021-04-19T04:00:00.000Z,91.01,91.16,90.06,90.25,41212193,20210419000000000
2021-04-20T04:00:00.000Z,90.32,90.95,90.1,90.43,75243178,20210420000000000
2021-04-21T04:00:00.000Z,90.12,91.05,89.94,90.32,45346267,20210421000000000
2021-04-22T04:00:00.000Z,90.92,90.92,89.87,90.61,54382254,20210422000000000
2021-04-23T04:00:00.000Z,91.29,91.59,91.11,91.26,34269110,20210423000000000
2021-04-26T04:00:00.000Z,91.82,92.51,91.57,91.72,39306658,20210426000000000
2021-04-27T04:00:00.000Z,92,92.23,91.25,91.98,36882785,20210427000000000
2021-04-28T04:00:00.000Z,92.3,92.55,92.05,92.3,56055424,20210428000000000
2021-04-29T04:00:00.000Z,92.16,92.66,91.94,92.3,48278996,20210429000000000
2021-04-30T04:00:00.000Z,91.04,92.13,91.04,91.96,48600871,20210430000000000
2021-05-03T04:00:00.000Z,91.16,91.4,90.56,91.06,48495207,20210503000000000
2021-05-04T04:00:00.000Z,90.36,90.89,89.62,90.29,49877852,20210504000000000
2021-05-05T04:00:00.000Z,90.27,90.51,89.75,90.33,57682430,20210505000000000
2021-05-06T04:00:00.000Z,90.76,91.14,90.31,91.14,60841951,20210506000000000
2021-05-07T04:00:00.000Z,91.21,92.31,91.21,91.34,54221287,20210507000000000
2021-05-10T04:00:00.000Z,91.36,92.04,91.27,91.41,37356516,20210510000000000
2021-05-11T04:00:00.000Z,91.97,92.1,91.28,91.44,39083620,20210511000000000
2021-05-12T04:00:00.000Z,92.1,92.25,91.4,92.18,52872056,20210512000000000
2021-05-13T04:00:00.000Z,91.81,92.12,90.99,91.51,50931310,20210513000000000
2021-05-14T04:00:00.000Z,90.52,90.75,89.95,90.69,58480754,20210514000000000
2021-05-17T04:00:00.000Z,90.32,90.81,90.17,90.35,42983585,20210517000000000
2021-05-18T04:00:00.000Z,91.5,91.88,90.53,90.68,52272968,20210518000000000
2021-05-19T04:00:00.000Z,90.52,90.64,89.76,90.08,35129336,20210519000000000
2021-05-20T04:00:00.000Z,89.49,90.17,89.39,89.79,56520327,20210520000000000
2021-05-21T04:00:00.000Z,89.74,90.2,89.05,89.05,51244318,20210521000000000
2021-05-24T04:00:00.000Z,89.38,89.48,88.68,89.27,54895017,20210524000000000
2021-05-25T04:00:00.000Z,89.09,90.09,88.94,89.8,48810832,20210525000000000
2021-05-26T04:00:00.000Z,89.08,90.04,88.9,89.98,55814485,20210526000000000
2021-05-27T04:00:00.000Z,89.59,90.08,89.47,90,49974253,20210527000000000
2021-05-28T04:00:00.000Z,91.06,91.38,90.13,90.77,54545149,20210528000000000
2021-06-01T04:00:00.000Z,90.56,90.94,89.73,90.94,42652784,20210601000000000
2021-06-02T04:00:00.000Z,91.61,92.12,91.19,91.83,48039684,20210602000000000
2021-06-03T04:00:00.000Z,91.2,91.31,90.38,90.99,25049276,20210603000000000
2021-06-04T04:00:00.000Z,90.42,91.03,89.77,91.03,53018084,20210604000000000
2021-06-07T04:00:00.000Z,91.71,92.08,91.24,91.89,65143784,20210607000000000
2021-06-08T04:00:00.000Z,92.36,92.47,91.43,92.06,42404439,20210608000000000
2021-06-09T04:00:00.000Z,91.83,92.18,91.12,91.67,48719859,20210609000000000
2021-06-10T04:00:00.000Z,92.33,93.15,91.84,92.65,46999145,20210610000000000
2021-06-11T04:00:00.000Z,92.01,92.35,91.41,91.96,40448325,20210611000000000
2021-06-14T04:00:00.000Z,91.73,92.4,91.66,91.94,44029450,20210614000000000
2021-06-15T04:00:00.000Z,92.68,93.03,92.3,92.87,65877099,20210615000000000
2021-06-16T04:00:00.000Z,92.69,92.74,92.07,92.11,49979189,20210616000000000
2021-06-17T04:00:00.000Z,91.94,92.5,91.61,91.67,46708499,20210617000000000
2021-06-18T04:00:00.000Z,92.75,93.13,92.35,92.41,40845660,20210618000000000
2021-06-21T04:00:00.000Z,93.65,93.87,92.96,93.24,31665364,20210621000000000
2021-06-22T04:00:00.000Z,93.69,94.34,93.39,93.64,47778212,20210622000000000
2021-06-23T04:00:00.000Z,93.32,94.21,93.32,93.85,43292129,20210623000000000
2021-06-24T04:00:00.000Z,93.12,93.6,93.08,93.15,41601813,20210624000000000
2021-06-25T04:00:00.000Z,93.12,94.09,92.63,94.01,39656189,20210625000000000
2021-06-28T04:00:00.000Z,92.9,94.04,92.79,93.59,56943586,20210628000000000
2021-06-29T04:00:00.000Z,93.63,94.16,93.03,93.25,42726779,20210629000000000
2021-06-30T04:00:00.000Z,92.81,93.09,92.75,93.03,65300596,20210630000000000
2021-07-01T04:00:00.000Z,92.78,93.2,92.27,92.7,44722811,20210701000000000
2021-07-02T04:00:00.000Z,93.4,94.33,93.3,93.38,49049580,20210702000000000
2021-07-06T04:00:00.000Z,93.4,94.6,93.3,94.03,47448479,20210706000000000
2021-07-07T04:00:00.000Z,93.27,93.83,92.41,93.62,46174005,20210707000000000
2021-07-08T04:00:00.000Z,93.74,93.93,93.05,93.68,40758021,20210708000000000
2021-07-09T04:00:00.000Z,94.11,94.27,93.31,93.55,37229122,20210709000000000
2021-07-12T04:00:00.000Z,92.17,93.1,91.84,92.97,49428324,20210712000000000
2021-07-13T04:00:00.000Z,93.35,94.06,93.35,93.89,53086718,20210713000000000
2021-07-14T04:00:00.000Z,94.11,94.37,93.15,93.87,36505900,20210714000000000
2021-07-15T04:00:00.000Z,94.25,94.51,93.43,94.13,42912792,20210715000000000
2021-07-16T04:00:00.000Z,93.36,94.55,93.15,93.3,44763178,20210716000000000
2021-07-19T04:00:00.000Z,93.06,93.29,92.76,92.87,36372551,20210719000000000
2021-07-20T04:00:00.000Z,92.03,92.89,91.23,92.04,57624220,20210720000000000
2021-07-21T04:00:00.000Z,90.72,91.35,90.72,91.05,53695216,20210721000000000
2021-07-22T04:00:00.000Z,90.28,90.37,89.67,90.07,51651707,20210722000000000
2021-07-23T04:00:00.000Z,90.35,90.65,89.83,90.18,40746578,20210723000000000
2021-07-26T04:00:00.000Z,89.56,89.56,88.37,89.23,49946082,20210726000000000
2021-07-27T04:00:00.000Z,89.59,89.59,88.74,89.59,60001085,20210727000000000
2021-07-28T04:00:00.000Z,90.28,90.67,90,90.58,46195287,20210728000000000
2021-07-29T04:00:00.000Z,91.8,92.17,90.99,90.99,33699334,20210729000000000
2021-07-30T04:00:00.000Z,90.63,91.64,90.63,90.74,57894484,20210730000000000
2021-08-02T04:00:00.000Z,90.33,90.65,89.87,90.18,38404666,20210802000000000
2021-08-03T04:00:00.000Z,90.86,91.5,90.63,91.02,81455036,20210803000000000
2021-08-04T04:00:00.000Z,89.75,90.09,89.4,90.04,48122543,20210804000000000
2021-08-05T04:00:00.000Z,90.14,90.43,89.25,90.43,35929370,20210805000000000
2021-08-06T04:00:00.000Z,90.3,90.83,90.03,90.13,49521178,20210806000000000
2021-08-09T04:00:00.000Z,90.27,90.43,89.88,90.4,48075326,20210809000000000
2021-08-10T04:00:00.000Z,89.81,90.27,89.44,90.27,66105975,20210810000000000
2021-08-11T04:00:00.000Z,89.59,89.87,89.28,89.52,44284682,20210811000000000
2021-08-12T04:00:00.000Z,89.9,90.44,89.47,90.1,62215422,20210812000000000
2021-08-13T04:00:00.000Z,90.51,91.01,90.1,90.5,53538692,20210813000000000
2021-08-16T04:00:00.000Z,89.77,90.45,89.17,89.83,50501651,20210816000000000
2021-08-17T04:00:00.000Z,90.1,90.43,89.25,89.25,31227179,20210817000000000
2021-08-18T04:00:00.000Z,89.84,90.67,89.67,89.76,23732146,20210818000000000
2021-08-19T04:00:00.000Z,88.64,89.04,88.22,88.96,50164868,20210819000000000
2021-08-20T04:00:00.000Z,90.01,90.15,89.18,89.56,52988942,20210820000000000
2021-08-23T04:00:00.000Z,88.89,89.67,88.45,88.61,33623222,20210823000000000
2021-08-24T04:00:00.000Z,88.47,89.22,88.32,88.44,45325605,20210824000000000
2021-08-25T04:00:00.000Z,89.63,90,89.1,89.38,48054462,20210825000000000
2021-08-26T04:00:00.000Z,89.57,89.8,89.2,89.3,59840129,20210826000000000
2021-08-27T04:00:00.000Z,89.24,90.22,89.05,89.62,75752595,20210827000000000
2021-08-30T04:00:00.000Z,90.21,90.57,89.8,89.8,32771514,20210830000000000
2021-08-31T04:00:00.000Z,90.6,91.03,89.73,90.66,45851601,20210831000000000
2021-09-01T04:00:00.000Z,89.55,89.82,89.17,89.7,54059834,20210901000000000
2021-09-02T04:00:00.000Z,90.15,90.56,89.8,89.83,45248931,20210902000000000
2021-09-03T04:00:00.000Z,89.35,89.74,89.07,89.54,36367414,20210903000000000
2021-09-07T04:00:00.000Z,88.98,89.32,88.1,89.15,58736915,20210907000000000
2021-09-08T04:00:00.000Z,89.05,89.5,88.77,89.5,48563977,20210908000000000
2021-09-09T04:00:00.000Z,90.1,90.32,89.96,90.11,65894156,20210909000000000
2021-09-10T04:00:00.000Z,89.92,90.21,89.49,89.83,61432655,20210910000000000
2021-09-13T04:00:00.000Z,89.25,89.42,88.58,88.97,35725947,20210913000000000
2021-09-14T04:00:00.000Z,88.92,88.98,87.98,88.82,35217701,20210914000000000
2021-09-15T04:00:00.000Z,88.64,88.96,88.34,88.93,39271733,20210915000000000
2021-09-16T04:00:00.000Z,89.31,89.37,88.92,89.34,30160047,20210916000000000
2021-09-17T04:00:00.000Z,88.63,88.85,88,88.56,52981618,20210917000000000
2021-09-20T04:00:00.000Z,89.16,90.3,89.16,89.49,72595338,20210920000000000
2021-09-21T04:00:00.000Z,88.3,88.81,88.15,88.66,62892996,20210921000000000
2021-09-22T04:00:00.000Z,89.4,89.57,88.87,89.46,54823321,20210922000000000
2021-09-23T04:00:00.000Z,89.17,89.82,89.17,89.41,65192285,20210923000000000
2021-09-24T04:00:00.000Z,87.99,88.73,87.85,88.45,38237850,20210924000000000
2021-09-27T04:00:00.000Z,89.07,89.64,89.03,89.08,53538343,20210927000000000
2021-09-28T04:00:00.000Z,89.07,89.13,88.49,89.03,50003647,20210928000000000
2021-09-29T04:00:00.000Z,89.83,90.22,89.5,89.5,55445283,20210929000000000
2021-09-30T04:00:00.000Z,89.8,90.69,89.4,89.64,36011464,20210930000000000
2021-10-01T04:00:00.000Z,89.45,89.72,89.24,89.65,62448380,20211001000000000
2021-10-04T04:00:00.000Z,89.85,90.27,89.63,90.22,44686236,20211004000000000
2021-10-05T04:00:00.000Z,89.47,89.83,89.2,89.77,56748847,20211005000000000
2021-10-06T04:00:00.000Z,89.32,89.63,89.06,89.63,60103296,20211006000000000
2021-10-07T04:00:00.000Z,89.45,90.02,89.05,89.83,62327022,20211007000000000
2021-10-08T04:00:00.000Z,89.9,90.2,89.63,89.79,38330455,20211008000000000
2021-10-11T04:00:00.000Z,89.41,89.89,88.96,89.49,71776063,20211011000000000
2021-10-12T04:00:00.000Z,89.42,89.83,89.03,89.51,44496192,20211012000000000
2021-10-13T04:00:00.000Z,89.39,89.93,88.57,89.36,48515795,20211013000000000
2021-10-14T04:00:00.000Z,88.89,89.13,88.01,88.46,54582412,20211014000000000
2021-10-15T04:00:00.000Z,88.53,89.19,88.41,88.52,47246286,20211015000000000
2021-10-18T04:00:00.000Z,88.7,89.39,88.7,89.17,36743621,20211018000000000
2021-10-19T04:00:00.000Z,89.82,90.27,89.56,89.88,56846654,20211019000000000
2021-10-20T04:00:00.000Z,89.4,89.53,88.89,88.89,42181591,20211020000000000
2021-10-21T04:00:00.000Z,88.28,88.99,87.98,88.06,51313684,20211021000000000
2021-10-22T04:00:00.000Z,89.11,89.81,88.53,88.67,51596008,20211022000000000
2021-10-25T04:00:00.000Z,88.18,88.4,87.69,88,61246082,20211025000000000
2021-10-26T04:00:00.000Z,87.15,87.54,86.23,87.54,55780847,20211026000000000
2021-10-27T04:00:00.000Z,86.99,88,86.99,87.37,53322021,20211027000000000
2021-10-28T04:00:00.000Z,86.28,86.87,86.08,86.87,45383006,20211028000000000
2021-10-29T04:00:00.000Z,85.86,86.69,85.64,86.33,53399543,20211029000000000
2021-11-01T04:00:00.000Z,85.8,86.2,85.77,86.03,53092607,20211101000000000
2021-11-02T04:00:00.000Z,85.58,86.06,85.44,85.56,46746769,20211102000000000
2021-11-03T04:00:00.000Z,84.74,85.08,84.49,85.05,50465607,20211103000000000
2021-11-04T04:00:00.000Z,84.99,85.57,84.7,84.94,53312448,20211104000000000
2021-11-05T04:00:00.000Z,83.92,84.63,83.76,84.04,72721352,20211105000000000
2021-11-08T05:00:00.000Z,84.56,84.89,84.04,84.35,55244366,20211108000000000
2021-11-09T05:00:00.000Z,83.88,84.49,83.65,84.14,49914136,20211109000000000
2021-11-10T05:00:00.000Z,84.66,84.94,84.14,84.41,48913232,20211110000000000
2021-11-11T05:00:00.000Z,83.91,84.07,83.72,83.95,47367172,20211111000000000
2021-11-12T05:00:00.000Z,84.48,85.37,84.39,84.47,48910522,20211112000000000
2021-11-15T05:00:00.000Z,84.17,84.74,84.08,84.63,56533543,20211115000000000
2021-11-16T05:00:00.000Z,83.83,84.45,83.65,84.31,50947613,20211116000000000
2021-11-17T05:00:00.000Z,84.6,84.94,83.73,84.21,40624386,20211117000000000
2021-11-18T05:00:00.000Z,83.47,84.16,83.38,84.01,43404506,20211118000000000
2021-11-19T05:00:00.000Z,83.14,84.2,83.06,83.51,56342901,20211119000000000
2021-11-22T05:00:00.000Z,82.99,83.75,82.77,83.75,52595609,20211122000000000
2021-11-23T05:00:00.000Z,83.07,83.36,82.69,83.18,46286995,20211123000000000
2021-11-24T05:00:00.000Z,83.37,83.86,83.24,83.52,49145287,20211124000000000
2021-11-26T05:00:00.000Z,83.49,83.6,82.89,83.43,39961666,20211126000000000
2021-11-29T05:00:00.000Z,83.5,83.65,82.86,83.56,50095229,20211129000000000
2021-11-30T05:00:00.000Z,83.51,83.66,82.6,83.49,49936259,20211130000000000
2021-12-01T05:00:00.000Z,83.54,84.1,83.21,83.41,43847056,20211201000000000
2021-12-02T05:00:00.000Z,84.15,84.32,83.41,84.18,43614518,20211202000000000
2021-12-03T05:00:00.000Z,83.38,84.11,83.03,83.72,46457962,20211203000000000
2021-12-06T05:00:00.000Z,82.57,82.97,82.47,82.92,59972792,20211206000000000
2021-12-07T05:00:00.000Z,83.78,84.14,83.37,83.42,46989776,20211207000000000
2021-12-08T05:00:00.000Z,82.69,82.9,82.59,82.8,47928867,20211208000000000
2021-12-09T05:00:00.000Z,83.3,83.45,82.47,83.36,62695146,20211209000000000
2021-12-10T05:00:00.000Z,82.77,83.2,82.1,83.05,56748246,20211210000000000
2021-12-13T05:00:00.000Z,83.26,83.26,81.78,82.73,49106069,20211213000000000
2021-12-14T05:00:00.000Z,82.21,82.49,81.86,82.24,58859095,20211214000000000
2021-12-15T05:00:00.000Z,82.48,82.77,82.35,82.66,49945153,20211215000000000
2021-12-16T05:00:00.000Z,81.44,82.3,81.38,82.08,48952318,20211216000000000
2021-12-17T05:00:00.000Z,81.97,82.29,81.76,82.29,46467717,20211217000000000
2021-12-20T05:00:00.000Z,82.48,82.6,81.86,82.26,38020643,20211220000000000
2021-12-21T05:00:00.000Z,81.8,82.28,81.73,82.22,52049239,20211221000000000
2021-12-22T05:00:00.000Z,83.26,83.39,82.38,83.21,44759853,20211222000000000
2021-12-23T05:00:00.000Z,83.77,84.24,83.03,84.05,41142798,20211223000000000
2021-12-27T05:00:00.000Z,83.19,83.61,82.86,83.34,46974506,20211227000000000
2021-12-28T05:00:00.000Z,83.54,83.78,83.46,83.69,57442372,20211228000000000
2021-12-29T05:00:00.000Z,84.5,85.12,84.23,84.36,50884785,20211229000000000
2021-12-30T05:00:00.000Z,84.67,85.51,84.67,85.28,57161696,20211230000000000
2021-12-31T05:00:00.000Z,85.71,86.03,85.04,85.58,55527427,20211231000000000
2022-01-03T05:00:00.000Z,83.99,84.92,83.4,84.78,67130969,20220103000000000
2022-01-04T05:00:00.000Z,84.94,85.02,84.16,85.02,57714044,20220104000000000
2022-01-05T05:00:00.000Z,85.49,85.8,84.9,85.35,46714566,20220105000000000
2022-01-06T05:00:00.000Z,84.92,85.21,84.57,84.9,54550499,20220106000000000
2022-01-07T05:00:00.000Z,85.33,85.93,84.88,85.16,51260170,20220107000000000
2022-01-10T05:00:00.000Z,85.31,85.75,84.46,85.44,46086365,20220110000000000
2022-01-11T05:00:00.000Z,85.54,86.29,85.31,86.17,44795000,20220111000000000
2022-01-12T05:00:00.000Z,85.84,85.89,85,85.56,53374165,20220112000000000
2022-01-13T05:00:00.000Z,85.95,86.67,85.95,86.22,56166707,20220113000000000
2022-01-14T05:00:00.000Z,87.06,87.17,86.46,87.11,71169632,20220114000000000
2022-01-18T05:00:00.000Z,87.22,87.22,86.25,86.72,50413282,20220118000000000
2022-01-19T05:00:00.000Z,87.13,87.66,87,87.13,52895164,20220119000000000
2022-01-20T05:00:00.000Z,88.01,88.27,87.65,87.83,47246049,20220120000000000
2022-01-21T05:00:00.000Z,87.02,87.44,86.26,86.9,54167628,20220121000000000
2022-01-24T05:00:00.000Z,87.49,88.12,87.02,87.86,52759747,20220124000000000
2022-01-25T05:00:00.000Z,88.58,88.98,88.37,88.5,30930300,20220125000000000
2022-01-26T05:00:00.000Z,88.52,89.29,88.39,88.75,61898891,20220126000000000
2022-01-27T05:00:00.000Z,89.89,89.89,88.86,88.99,26517151,20220127000000000
2022-01-28T05:00:00.000Z,88.38,88.76,87.71,88.18,31203085,20220128000000000
2022-01-31T05:00:00.000Z,88.1,88.51,87.74,88.03,55060969,20220131000000000
2022-02-01T05:00:00.000Z,88.01,88.14,87.56,87.75,46812792,20220201000000000
2022-02-02T05:00:00.000Z,87.56,88.07,87.16,87.68,71166042,20220202000000000
2022-02-03T05:00:00.000Z,88.08,88.51,87.8,87.97,51735183,20220203000000000
2022-02-04T05:00:00.000Z,87.02,87.53,86.46,87.24,49571618,20220204000000000
2022-02-07T05:00:00.000Z,87.65,88.18,87.27,87.38,38013988,20220207000000000
2022-02-08T05:00:00.000Z,87.58,87.82,87.29,87.67,42101014,20220208000000000
2022-02-09T05:00:00.000Z,88.38,88.44,87.84,88.13,45646484,20220209000000000
2022-02-10T05:00:00.000Z,88.47,89.07,88,88.77,51767554,20220210000000000
2022-02-11T05:00:00.000Z,88.33,88.41,88.01,88.29,52772860,20220211000000000
2022-02-14T05:00:00.000Z,89.07,89.69,88.99,89.03,42049679,20220214000000000
2022-02-15T05:00:00.000Z,89.25,89.34,88.65,89.3,38613015,20220215000000000
2022-02-16T05:00:00.000Z,90.02,90.34,89.35,89.92,43526503,20220216000000000
2022-02-17T05:00:00.000Z,90.26,90.79,89.5,90.79,44701156,20220217000000000
2022-02-18T05:00:00.000Z,91.11,91.59,91.03,91.39,39484065,20220218000000000
2022-02-22T05:00:00.000Z,91.02,91.71,90.73,91.71,56240694,20220222000000000
2022-02-23T05:00:00.000Z,90.91,90.98,90.51,90.77,49829529,20220223000000000
2022-02-24T05:00:00.000Z,90.92,91.36,90.6,91.04,49161620,20220224000000000
2022-02-25T05:00:00.000Z,90.08,91.18,89.99,90.7,49218253,20220225000000000
2022-02-28T05:00:00.000Z,90.44,90.59,89.76,90.32,43676330,20220228000000000
2022-03-01T05:00:00.000Z,89.43,90.45,89.18,90.26,42716421,20220301000000000
2022-03-02T05:00:00.000Z,91.29,91.47,90.56,91.26,36474182,20220302000000000
2022-03-03T05:00:00.000Z,91.93,92.46,91.38,91.76,46726586,20220303000000000
2022-03-04T05:00:00.000Z,93.03,93.1,91.92,91.99,46152994,20220304000000000
2022-03-07T05:00:00.000Z,91.78,92.09,91.47,91.94,41660650,20220307000000000
2022-03-08T05:00:00.000Z,90.9,91.48,90.48,90.99,66451449,20220308000000000
2022-03-09T05:00:00.000Z,91.58,91.86,90.7,90.98,51588802,20220309000000000
2022-03-10T05:00:00.000Z,91.36,91.98,91.06,91.98,49016970,20220310000000000
2022-03-11T05:00:00.000Z,91.88,92.12,91.42,91.61,57978135,20220311000000000
2022-03-14T04:00:00.000Z,92.29,92.55,91.66,92.33,55164046,20220314000000000
2022-03-15T04:00:00.000Z,93.01,93.13,92.04,92.82,54186367,20220315000000000
2022-03-16T04:00:00.000Z,93.76,94.15,92.9,93.67,41629673,20220316000000000
2022-03-17T04:00:00.000Z,93.97,94.54,93.52,94.19,59972022,20220317000000000
2022-03-18T04:00:00.000Z,93.27,93.49,92.37,93.27,69473406,20220318000000000
2022-03-21T04:00:00.000Z,93.72,94.04,92.84,93.21,41395879,20220321000000000
2022-03-22T04:00:00.000Z,93.5,93.54,93.34,93.34,38616893,20220322000000000
2022-03-23T04:00:00.000Z,93.98,94.31,93.4,94.1,34360594,20220323000000000
2022-03-24T04:00:00.000Z,94.2,95.19,93.82,95.03,64161997,20220324000000000
2022-03-25T04:00:00.000Z,93.99,94.94,93.79,94.7,55683581,20220325000000000
2022-03-28T04:00:00.000Z,94.37,95,93.98,94.64,45302615,20220328000000000
2022-03-29T04:00:00.000Z,95.15,95.63,94.59,94.78,44473623,20220329000000000
2022-03-30T04:00:00.000Z,96.18,96.26,95.34,95.44,25326654,20220330000000000
2022-03-31T04:00:00.000Z,96.08,96.43,95.45,95.91,45425115,20220331000000000
2022-04-01T04:00:00.000Z,95.58,95.86,94.65,95.3,38128361,20220401000000000
2022-04-04T04:00:00.000Z,94.51,95.26,94.51,94.61,40605295,20220404000000000
2022-04-05T04:00:00.000Z,95.04,96,94.35,94.98,50045036,20220405000000000
2022-04-06T04:00:00.000Z,94.62,94.74,94.06,94.5,44711861,20220406000000000
2022-04-07T04:00:00.000Z,93.97,94.66,93.91,94.22,43328571,20220407000000000
2022-04-08T04:00:00.000Z,94.31,94.51,93.78,94.16,64831700,20220408000000000
2022-04-11T04:00:00.000Z,94.44,94.84,93.6,93.6,55584934,20220411000000000
2022-04-12T04:00:00.000Z,94.95,95.38,94.04,94.3,49502665,20220412000000000
2022-04-13T04:00:00.000Z,94.36,94.89,93.91,94.74,37856299,20220413000000000
2022-04-14T04:00:00.000Z,94.77,95.38,94.37,94.81,54132684,20220414000000000
2022-04-18T04:00:00.000Z,95.66,96.24,95.51,95.75,56040128,20220418000000000
2022-04-19T04:00:00.000Z,96.07,96.78,95.94,96.52,36454231,20220419000000000
2022-04-20T04:00:00.000Z,95.64,95.88,95.5,95.88,50105902,20220420000000000
2022-04-21T04:00:00.000Z,94.95,95.7,94.42,95.07,50844987,20220421000000000
2022-04-22T04:00:00.000Z,94.71,95.04,94.55,94.87,49917676,20220422000000000
2022-04-25T04:00:00.000Z,95.04,95.53,94.97,95.26,65457472,20220425000000000
2022-04-26T04:00:00.000Z,95.72,95.79,95.02,95.33,37246498,20220426000000000
2022-04-27T04:00:00.000Z,95.39,96.31,95.11,95.27,52027716,20220427000000000
2022-04-28T04:00:00.000Z,96.34,96.61,95.68,95.86,23216797,20220428000000000
2022-04-29T04:00:00.000Z,95.07,95.7,95.03,95.27,55229939,20220429000000000
2022-05-02T04:00:00.000Z,95.96,96.02,94.86,95,35720510,20220502000000000
2022-05-03T04:00:00.000Z,95.28,95.28,95.05,95.26,49274333,20220503000000000
2022-05-04T04:00:00.000Z,95.71,96.01,95.66,95.91,43591106,20220504000000000
2022-05-05T04:00:00.000Z,96.31,96.65,95.62,96.65,45746017,20220505000000000
2022-05-06T04:00:00.000Z,97.53,97.9,97.53,97.58,62627714,20220506000000000
2022-05-09T04:00:00.000Z,98.21,98.5,97.1,97.5,59691926,20220509000000000
2022-05-10T04:00:00.000Z,97,97.7,96.88,97.36,61881549,20220510000000000
2022-05-11T04:00:00.000Z,96.89,98.23,96.82,97.69,32715478,20220511000000000
2022-05-12T04:00:00.000Z,97.8,98.16,97.57,97.94,45385253,20220512000000000
2022-05-13T04:00:00.000Z,98.69,99.02,97.85,98.57,40203417,20220513000000000
2022-05-16T04:00:00.000Z,97.22,98.09,96.97,97.88,52712720,20220516000000000
2022-05-17T04:00:00.000Z,98.75,99.06,98.16,98.87,57947616,20220517000000000
2022-05-18T04:00:00.000Z,98.94,99.77,98.61,99.35,29373886,20220518000000000
2022-05-19T04:00:00.000Z,99.66,100.03,99.04,100.03,40922307,20220519000000000
2022-05-20T04:00:00.000Z,98.58,99.51,98.48,99.04,41433370,20220520000000000
2022-05-23T04:00:00.000Z,99.42,99.9,99.15,99.9,50653539,20220523000000000
2022-05-24T04:00:00.000Z,100.54,100.7,99.62,100,47713467,20220524000000000
2022-05-25T04:00:00.000Z,100.12,100.65,99.13,99.8,51719594,20220525000000000
2022-05-26T04:00:00.000Z,99.46,100.02,98.79,99.88,46199439,20220526000000000
2022-05-27T04:00:00.000Z,98.68,99.38,98.53,99.02,47224209,20220527000000000
2022-05-31T04:00:00.000Z,98.39,98.74,97.89,98.48,56917671,20220531000000000
2022-06-01T04:00:00.000Z,99.13,99.37,98.63,99.37,44681944,20220601000000000
2022-06-02T04:00:00.000Z,99.65,99.86,98.89,99.23,44216717,20220602000000000
2022-06-03T04:00:00.000Z,99.84,100.16,99.48,99.48,50381118,20220603000000000
2022-06-06T04:00:00.000Z,98.6,99.55,98.26,98.69,65070090,20220606000000000
2022-06-07T04:00:00.000Z,97.53,97.94,97.15,97.83,50207032,20220607000000000
2022-06-08T04:00:00.000Z,98.98,99.36,98.46,98.61,37750810,20220608000000000
2022-06-09T04:00:00.000Z,98.6,99.46,98.47,99.24,52399645,20220609000000000
2022-06-10T04:00:00.000Z,98.83,99.45,98.74,99.28,37689802,20220610000000000
2022-06-13T04:00:00.000Z,98.95,99.46,98.43,98.48,46659312,20220613000000000
2022-06-14T04:00:00.000Z,99.65,100.22,99.02,99.37,51533279,20220614000000000
2022-06-15T04:00:00.000Z,99.77,100.96,99.77,99.92,27467838,20220615000000000
2022-06-16T04:00:00.000Z,99.52,100.2,98.8,99.09,45578573,20220616000000000
2022-06-17T04:00:00.000Z,99.76,100.65,99.47,99.84,55628037,20220617000000000
2022-06-20T04:00:00.000Z,100.88,101.03,99.95,100.71,34428286,20220620000000000
2022-06-21T04:00:00.000Z,100.35,101.19,100.19,100.28,46821663,20220621000000000
2022-06-22T04:00:00.000Z,99.74,99.8,98.69,99.41,42528243,20220622000000000
2022-06-23T04:00:00.000Z,101.19,101.19,99.6,99.69,42805109,20220623000000000
2022-06-24T04:00:00.000Z,98.34,99.21,98.21,98.82,40909742,20220624000000000
2022-06-27T04:00:00.000Z,98.81,98.96,98.7,98.71,50297745,20220627000000000
2022-06-28T04:00:00.000Z,97.79,98.76,97.48,98.43,45934171,20220628000000000
2022-06-29T04:00:00.000Z,98.75,99.49,98.3,99.15,37645932,20220629000000000
2022-06-30T04:00:00.000Z,99.13,99.44,98.76,99.27,38919305,20220630000000000
2022-07-01T04:00:00.000Z,99.75,100.59,98.84,98.84,36739712,20220701000000000
2022-07-05T04:00:00.000Z,98.76,98.98,98.19,98.42,37489902,20220705000000000
2022-07-06T04:00:00.000Z,98.79,99.64,98.52,99.14,30912260,20220706000000000
2022-07-07T04:00:00.000Z,100.14,100.44,98.88,99.71,37199072,20220707000000000
2022-07-08T04:00:00.000Z,100.58,100.68,99.87,100.6,44235352,20220708000000000
2022-07-11T04:00:00.000Z,99.47,99.99,99.42,99.66,55751552,20220711000000000
2022-07-12T04:00:00.000Z,98.22,99.28,98.22,99.03,48321410,20220712000000000
2022-07-13T04:00:00.000Z,99.28,99.66,99.04,99.27,49649206,20220713000000000
2022-07-14T04:00:00.000Z,99.05,99.88,98.99,99.28,62141463,20220714000000000
2022-07-15T04:00:00.000Z,99.96,100.59,99.87,100.07,42029721,20220715000000000
2022-07-18T04:00:00.000Z,100.01,100.28,99.18,100.03,64476646,20220718000000000
2022-07-19T04:00:00.000Z,100.64,101.26,99.73,100.55,53619765,20220719000000000
2022-07-20T04:00:00.000Z,99.77,99.83,99.71,99.81,31698926,20220720000000000
2022-07-21T04:00:00.000Z,99.45,99.45,98.28,99.34,63304095,20220721000000000
2022-07-22T04:00:00.000Z,99.79,100.11,99.07,100.02,48433121,20220722000000000
2022-07-25T04:00:00.000Z,99.32,100.01,99.32,99.37,51782590,20220725000000000
2022-07-26T04:00:00.000Z,99.35,99.47,98.45,99.23,42980197,20220726000000000
2022-07-27T04:00:00.000Z,99.42,99.88,98.89,99.12,49921415,20220727000000000
2022-07-28T04:00:00.000Z,98.7,99.27,98.6,98.79,47902943,20220728000000000
2022-07-29T04:00:00.000Z,98.35,98.99,97.99,98.07,43327456,20220729000000000
2022-08-01T04:00:00.000Z,97.67,98.32,97.58,98.15,51665257,20220801000000000
2022-08-02T04:00:00.000Z,97.83,98.08,97.69,97.92,42797295,20220802000000000
2022-08-03T04:00:00.000Z,97.69,97.95,96.82,97.32,46648848,20220803000000000
2022-08-04T04:00:00.000Z,98.27,98.65,98.21,98.28,49985766,20220804000000000
2022-08-05T04:00:00.000Z,99.04,99.38,98.21,98.56,30297073,20220805000000000
2022-08-08T04:00:00.000Z,98.39,99.27,98.08,98.61,59962017,20220808000000000
2022-08-09T04:00:00.000Z,98.69,99.28,98.44,98.55,53667944,20220809000000000
2022-08-10T04:00:00.000Z,98.02,98.24,97.83,97.95,43732780,20220810000000000
2022-08-11T04:00:00.000Z,97.96,98.7,97.83,97.93,44295283,20220811000000000
2022-08-12T04:00:00.000Z,96.99,97.79,96.53,97,48401040,20220812000000000
2022-08-15T04:00:00.000Z,95.99,96.74,95.71,96.14,36266554,20220815000000000
2022-08-16T04:00:00.000Z,95.64,95.87,95.55,95.8,43811364,20220816000000000
2022-08-17T04:00:00.000Z,95.75,96.17,94.89,95.59,43625130,20220817000000000
2022-08-18T04:00:00.000Z,94.09,95.01,93.87,94.72,49076964,20220818000000000
2022-08-19T04:00:00.000Z,95.11,95.73,94.85,94.85,45407364,20220819000000000
2022-08-22T04:00:00.000Z,95.83,96.01,95.16,95.28,31774902,20220822000000000
2022-08-23T04:00:00.000Z,95.25,95.72,95.21,95.6,39663658,20220823000000000
2022-08-24T04:00:00.000Z,95.92,96.07,94.97,95.85,51505721,20220824000000000
2022-08-25T04:00:00.000Z,95.92,96.55,95.74,95.74,30202340,20220825000000000
2022-08-26T04:00:00.000Z,95.51,95.93,95.14,95.81,51785909,20220826000000000
2022-08-29T04:00:00.000Z,95.57,96.04,95.35,95.54,46048359,20220829000000000
2022-08-30T04:00:00.000Z,95.93,96.71,95.77,96.19,44426139,20220830000000000
2022-08-31T04:00:00.000Z,95.49,95.92,94.91,95.92,56301181,20220831000000000
2022-09-01T04:00:00.000Z,95.89,96.15,95.17,95.17,43079090,20220901000000000
2022-09-02T04:00:00.000Z,95.89,96.62,95.76,96.04,69356798,20220902000000000
2022-09-06T04:00:00.000Z,97.03,97.75,96.77,96.99,43653913,20220906000000000
2022-09-07T04:00:00.000Z,96.29,97.12,96.12,96.55,78946310,20220907000000000
2022-09-08T04:00:00.000Z,95.7,96.31,95.47,95.85,28556260,20220908000000000
2022-09-09T04:00:00.000Z,94.12,94.94,93.81,94.87,56029124,20220909000000000
2022-09-12T04:00:00.000Z,95.13,95.32,94.49,94.59,29817871,20220912000000000
2022-09-13T04:00:00.000Z,94.48,94.48,93.26,94.37,55832519,20220913000000000
2022-09-14T04:00:00.000Z,94.01,94.41,93.37,94.32,46058578,20220914000000000
2022-09-15T04:00:00.000Z,93.46,94.29,93.41,93.76,52163574,20220915000000000
2022-09-16T04:00:00.000Z,93.99,94.54,93.58,94.45,57737601,20220916000000000
2022-09-19T04:00:00.000Z,95.31,95.65,94.99,95.05,31137335,20220919000000000
2022-09-20T04:00:00.000Z,95.1,95.6,94.62,94.81,47829773,20220920000000000
2022-09-21T04:00:00.000Z,95.43,95.6,95.14,95.56,40549784,20220921000000000
2022-09-22T04:00:00.000Z,95.73,95.9,95.19,95.51,43706910,20220922000000000
2022-09-23T04:00:00.000Z,94.56,95.08,94.47,94.96,31633788,20220923000000000
2022-09-26T04:00:00.000Z,95.49,95.61,95.12,95.61,62120459,20220926000000000
2022-09-27T04:00:00.000Z,94.47,95.72,94.4,95.23,35962340,20220927000000000
2022-09-28T04:00:00.000Z,94.16,95.22,94.16,94.3,44490550,20220928000000000
2022-09-29T04:00:00.000Z,93.45,94.15,93.45,93.57,42787725,20220929000000000
2022-09-30T04:00:00.000Z,93.53,93.53,92.5,92.96,49050270,20220930000000000
2022-10-03T04:00:00.000Z,93.2,93.2,92.16,92.63,45743986,20221003000000000
2022-10-04T04:00:00.000Z,92.29,92.39,91.4,92.26,62913244,20221004000000000
2022-10-05T04:00:00.000Z,90.83,92.07,90.83,91.54,65567994,20221005000000000
2022-10-06T04:00:00.000Z,90.97,91.21,90.2,90.86,52381771,20221006000000000
2022-10-07T04:00:00.000Z,90.46,90.61,89.65,89.99,38595830,20221007000000000
2022-10-10T04:00:00.000Z,90.99,91.11,90.44,90.8,28172047,20221010000000000
2022-10-11T04:00:00.000Z,88.71,89.89,88.71,89.81,42204674,20221011000000000
2022-10-12T04:00:00.000Z,89.37,89.56,88.66,89.36,56900243,20221012000000000
2022-10-13T04:00:00.000Z,90.07,90.67,89.9,90.31,51381782,20221013000000000
2022-10-14T04:00:00.000Z,89.09,89.87,89.03,89.67,53919239,20221014000000000
2022-10-17T04:00:00.000Z,88.64,89.41,88.58,89.2,57225275,20221017000000000
2022-10-18T04:00:00.000Z,90.17,90.25,89.46,90.13,24804816,20221018000000000
2022-10-19T04:00:00.000Z,89.68,89.77,88.92,89.32,45498781,20221019000000000
2022-10-20T04:00:00.000Z,89.68,89.74,88.93,89.12,50943775,20221020000000000
2022-10-21T04:00:00.000Z,89.1,89.24,88.66,89.15,60821306,20221021000000000
2022-10-24T04:00:00.000Z,89.55,89.87,88.87,89.23,31988355,20221024000000000
2022-10-25T04:00:00.000Z,89.27,89.87,89.05,89.7,53124566,20221025000000000
2022-10-26T04:00:00.000Z,89.07,90.01,88.92,89.84,48882190,20221026000000000
2022-10-27T04:00:00.000Z,91.34,91.41,90.51,90.67,52912200,20221027000000000
2022-10-28T04:00:00.000Z,91.19,91.32,90.43,90.47,39535358,20221028000000000
2022-10-31T04:00:00.000Z,90.48,91.03,89.94,90.13,40208914,20221031000000000
2022-11-01T04:00:00.000Z,89.87,90.73,89.79,90.38,38566854,20221101000000000
2022-11-02T04:00:00.000Z,90.96,91.31,90.64,90.77,54951995,20221102000000000
2022-11-03T04:00:00.000Z,91.38,91.47,91.07,91.31,41474603,20221103000000000
2022-11-04T04:00:00.000Z,91.86,92.18,91.45,91.53,54514572,20221104000000000
2022-11-07T05:00:00.000Z,90.49,91.24,89.71,90.63,64940741,20221107000000000
2022-11-08T05:00:00.000Z,91.77,91.88,90.99,91.39,42432575,20221108000000000
2022-11-09T05:00:00.000Z,92.69,92.69,91.33,91.66,56901358,20221109000000000
2022-11-10T05:00:00.000Z,90.99,91.78,90.95,91.34,58457775,20221110000000000
2022-11-11T05:00:00.000Z,91.38,91.38,90.24,90.68,43656523,20221111000000000
2022-11-14T05:00:00.000Z,90.29,90.32,90.22,90.28,33413211,20221114000000000
2022-11-15T05:00:00.000Z,91.75,91.75,90.87,91,60310378,20221115000000000
2022-11-16T05:00:00.000Z,91.39,91.72,91.22,91.39,37230866,20221116000000000
2022-11-17T05:00:00.000Z,92.25,92.48,91.72,91.88,42010349,20221117000000000
2022-11-18T05:00:00.000Z,91.39,92.23,91.1,91.85,45421855,20221118000000000
2022-11-21T05:00:00.000Z,91.86,92.47,91.49,92.26,58800830,20221121000000000
2022-11-22T05:00:00.000Z,91.22,91.98,90.76,91.68,52948304,20221122000000000
2022-11-23T05:00:00.000Z,91,91.18,90.71,91.05,37903287,20221123000000000
2022-11-25T05:00:00.000Z,91.09,91.73,90.75,90.75,38906396,20221125000000000
2022-11-28T05:00:00.000Z,92.08,92.26,91.53,91.68,48070244,20221128000000000
2022-11-29T05:00:00.000Z,91,91.05,90.28,91.05,42627827,20221129000000000
2022-11-30T05:00:00.000Z,89.94,90.6,89.74,90.42,49393375,20221130000000000
2022-12-01T05:00:00.000Z,90.25,91.14,90.15,91.01,47367754,20221201000000000
2022-12-02T05:00:00.000Z,90.77,91.35,90.35,90.97,48890965,20221202000000000
2022-12-05T05:00:00.000Z,91.41,91.62,91.1,91.16,51331927,20221205000000000
2022-12-06T05:00:00.000Z,90.13,90.71,89.74,90.49,22198468,20221206000000000
2022-12-07T05:00:00.000Z,90.36,90.77,90.25,90.61,59356440,20221207000000000
2022-12-08T05:00:00.000Z,89.85,89.98,89.4,89.93,33938407,20221208000000000
2022-12-09T05:00:00.000Z,89.57,90.12,89.12,89.36,44729356,20221209000000000
2022-12-12T05:00:00.000Z,89.47,90.06,89.11,89.86,40738944,20221212000000000
2022-12-13T05:00:00.000Z,88.96,89.35,88.84,89.02,54880636,20221213000000000
2022-12-14T05:00:00.000Z,87.74,88.07,87.13,88.07,37167390,20221214000000000
2022-12-15T05:00:00.000Z,88.05,88.25,87.54,87.74,45969068,20221215000000000
2022-12-16T05:00:00.000Z,87.25,87.76,86.99,87.63,57729100,20221216000000000
2022-12-19T05:00:00.000Z,86.81,87.04,86.35,86.8,41816054,20221219000000000
2022-12-20T05:00:00.000Z,86.47,86.68,85.79,86.35,56678375,20221220000000000
2022-12-21T05:00:00.000Z,86.07,86.41,86.07,86.29,66265064,20221221000000000
2022-12-22T05:00:00.000Z,86.5,86.82,86.08,86.44,68477790,20221222000000000
2022-12-23T05:00:00.000Z,86.54,86.54,85.65,85.7,38283747,20221223000000000
2022-12-27T05:00:00.000Z,85.93,86.18,85.37,85.53,51731050,20221227000000000
2022-12-28T05:00:00.000Z,85.18,85.44,84.33,85.37,52762906,20221228000000000
2022-12-29T05:00:00.000Z,85.63,85.88,84.5,85.49,53146432,20221229000000000
2022-12-30T05:00:00.000Z,85.76,86.12,85.39,85.91,44138450,20221230000000000
2023-01-03T05:00:00.000Z,85.64,86.22,85.12,86.1,39961528,20230103000000000
2023-01-04T05:00:00.000Z,86.51,86.89,85.76,86.32,42544573,20230104000000000
2023-01-05T05:00:00.000Z,85.63,86.08,85.31,85.5,43353664,20230105000000000
2023-01-06T05:00:00.000Z,85.52,85.82,85.15,85.33,38422006,20230106000000000
2023-01-09T05:00:00.000Z,85.45,85.86,85.23,85.36,43845718,20230109000000000
2023-01-10T05:00:00.000Z,85.79,86.06,85.2,85.83,53902682,20230110000000000
2023-01-11T05:00:00.000Z,87.2,87.46,86.61,86.69,46495802,20230111000000000
2023-01-12T05:00:00.000Z,87.2,87.28,86.51,87.19,57278514,20230112000000000
2023-01-13T05:00:00.000Z,87.16,87.63,86.8,87.59,31344827,20230113000000000
2023-01-17T05:00:00.000Z,86.8,87.54,86.8,87.3,52145728,20230117000000000
2023-01-18T05:00:00.000Z,87.18,87.82,86.83,86.98,51406237,20230118000000000
2023-01-19T05:00:00.000Z,86.55,87.19,86.39,86.49,47202676,20230119000000000
2023-01-20T05:00:00.000Z,87.41,87.48,86.51,86.91,47008919,20230120000000000